{
  "trainer": "prototype",
  "steps": 8,
  "beta": 0.82,
  "threshold": 1.0,
  "class_names": [
    "normal",
    "delayed",
    "filtered"
  ],
  "feature_ranges": {
    "inter_packet_time_us": {
      "min": 706.85,
      "max": 13898.93
    },
    "payload_size": {
      "min": 0.0,
      "max": 84.32
    },
    "rtt_us": {
      "min": 40000.0,
      "max": 3225072.25
    }
  },
  "input_layer": {
    "weight": [
      [
        2.0,
        0.0,
        0.0,
        0.0,
        0.0,
        0.0,
        0.0,
        0.0,
        0.0
      ],
      [
        0.0,
        2.0,
        0.0,
        0.0,
        0.0,
        0.0,
        0.0,
        0.0,
        0.0
      ],
      [
        0.0,
        0.0,
        2.0,
        0.0,
        0.0,
        0.0,
        0.0,
        0.0,
        0.0
      ],
      [
        0.0,
        0.0,
        0.0,
        2.0,
        0.0,
        0.0,
        0.0,
        0.0,
        0.0
      ],
      [
        0.0,
        0.0,
        0.0,
        0.0,
        2.0,
        0.0,
        0.0,
        0.0,
        0.0
      ],
      [
        0.0,
        0.0,
        0.0,
        0.0,
        0.0,
        2.0,
        0.0,
        0.0,
        0.0
      ],
      [
        0.0,
        0.0,
        0.0,
        0.0,
        0.0,
        0.0,
        2.0,
        0.0,
        0.0
      ],
      [
        0.0,
        0.0,
        0.0,
        0.0,
        0.0,
        0.0,
        0.0,
        2.0,
        0.0
      ],
      [
        0.0,
        0.0,
        0.0,
        0.0,
        0.0,
        0.0,
        0.0,
        0.0,
        2.0
      ]
    ],
    "bias": [
      0.0,
      0.0,
      0.0,
      0.0,
      0.0,
      0.0,
      0.0,
      0.0,
      0.0
    ]
  },
  "output_layer": {
    "weight": [
      [
        0.8,
        0.0,
        0.0,
        0.4,
        0.0,
        0.4,
        1.5858979023777904,
        1.3153225806451614,
        1.52788601891213
      ],
      [
        0.4,
        0.0,
        0.0,
        0.8,
        0.0,
        0.4,
        1.1997189222624485,
        1.0661764705882353,
        1.1287763786206106
      ],
      [
        0.0,
        0.8,
        0.4,
        0.0,
        0.4,
        0.0,
        0.45109459615163044,
        0.405787476280835,
        1.138696495189395
      ]
    ],
    "bias": [
      -0.2,
      -0.2,
      -0.2
    ]
  },
  "prototypes": {
    "normal": [
      0.5,
      0.0,
      0.0,
      0.25,
      0.0,
      0.25,
      0.991186188986119,
      0.8220766129032259,
      0.9549287618200811
    ],
    "delayed": [
      0.25,
      0.0,
      0.0,
      0.5,
      0.0,
      0.25,
      0.7498243264140303,
      0.6663602941176471,
      0.7054852366378817
    ],
    "filtered": [
      0.0,
      0.5,
      0.25,
      0.0,
      0.25,
      0.0,
      0.281934122594769,
      0.25361717267552186,
      0.7116853094933718
    ]
  },
  "artifact_family": "classifier-snn",
  "artifact_schema_version": 1,
  "artifact_created_at": "2026-04-04T17:58:27Z",
  "artifact_producer": "training.train",
  "model_type": "telemetry-snn-classifier",
  "artifact_metadata": {
    "trainer_backend": "prototype"
  }
}