{
  "trainer": "torch",
  "steps": 12,
  "beta": 0.82,
  "threshold": 1.0,
  "class_names": [
    "high_value",
    "supporting",
    "noise"
  ],
  "feature_ranges": {
    "name_length": {
      "min": 5.0,
      "max": 27.0
    },
    "label_depth": {
      "min": 1.0,
      "max": 4.0
    },
    "evidence_count": {
      "min": 1.0,
      "max": 3.0
    },
    "source_port_count": {
      "min": 1.0,
      "max": 2.0
    },
    "digit_ratio": {
      "min": 0.0,
      "max": 0.14285714285714285
    }
  },
  "input_layer": {
    "weight": [
      [
        -0.8874765038490295,
        -0.473568320274353,
        0.06499791145324707,
        0.06405019760131836,
        -0.10909964144229889,
        0.7744830846786499,
        -0.11958163231611252,
        0.8525809645652771,
        -1.0411533117294312,
        0.14340472221374512,
        0.5626619458198547,
        0.3888152539730072,
        -0.014018531888723373,
        -0.534574568271637,
        0.4882599413394928,
        -0.0828348845243454,
        0.6513695120811462,
        -0.19968946278095245,
        1.0060876607894897,
        -0.1476745307445526,
        -0.13928067684173584,
        0.5975241661071777,
        0.07961060106754303,
        0.054157551378011703
      ],
      [
        -0.8227791786193848,
        -0.6088424921035767,
        0.15501359105110168,
        0.0524962842464447,
        0.10829752683639526,
        0.41396644711494446,
        0.1453130841255188,
        0.6359730362892151,
        0.3197671175003052,
        0.028198793530464172,
        0.915220320224762,
        0.9252782464027405,
        0.02965870499610901,
        -0.7561566233634949,
        0.7115033268928528,
        0.3385452330112457,
        0.4989013969898224,
        0.3620692193508148,
        0.4956812262535095,
        0.5815510749816895,
        0.5879213809967041,
        0.500108540058136,
        0.4276088774204254,
        0.43660619854927063
      ],
      [
        0.43297967314720154,
        -0.6932554841041565,
        -0.16681931912899017,
        0.16305601596832275,
        0.20151957869529724,
        -1.119855523109436,
        -0.16128921508789062,
        -1.1067872047424316,
        0.7476431727409363,
        -0.00039242208003997803,
        0.601102352142334,
        0.6166785955429077,
        -0.14882174134254456,
        -0.33920133113861084,
        0.34244173765182495,
        0.09767380356788635,
        -1.0162177085876465,
        0.2656632959842682,
        -1.2214220762252808,
        0.15161335468292236,
        0.2313249707221985,
        -0.8751415610313416,
        0.2605312466621399,
        0.17826992273330688
      ],
      [
        -0.6227385997772217,
        -0.7767332792282104,
        -0.04791267216205597,
        0.19256466627120972,
        0.03759406507015228,
        0.23760268092155457,
        0.06881329417228699,
        0.19491131603717804,
        0.4937373995780945,
        -0.16648702323436737,
        0.8112927079200745,
        0.7238209247589111,
        -0.003798446385189891,
        -0.6656842231750488,
        0.8288593292236328,
        0.6024529337882996,
        0.12031000852584839,
        0.6682816743850708,
        0.14729242026805878,
        0.3226311504840851,
        0.4810084104537964,
        0.14893735945224762,
        0.3044353425502777,
        0.3491646945476532
      ],
      [
        0.23703046143054962,
        0.7100927233695984,
        0.09244078397750854,
        0.15791228413581848,
        -0.15196865797042847,
        0.3871419429779053,
        -0.13385871052742004,
        0.5851445198059082,
        -0.748892068862915,
        -0.12863369286060333,
        -0.8430458903312683,
        -1.0262600183486938,
        -0.19768020510673523,
        0.37726518511772156,
        -0.670146107673645,
        -0.6831524968147278,
        0.4930717349052429,
        -0.8082485795021057,
        0.6212313175201416,
        -0.8852205276489258,
        -0.8313528299331665,
        0.42514580488204956,
        -0.9287869930267334,
        -0.7770884037017822
      ],
      [
        0.17426659166812897,
        -0.6147592067718506,
        0.13306695222854614,
        -0.1135740578174591,
        0.04121080040931702,
        -1.1250674724578857,
        -0.17706289887428284,
        -1.2057985067367554,
        0.7321594953536987,
        0.08077734708786011,
        0.5630480647087097,
        0.5724823474884033,
        -0.19558943808078766,
        -0.28341084718704224,
        0.5267561674118042,
        0.2714413106441498,
        -1.032494068145752,
        0.31235501170158386,
        -0.9044104814529419,
        0.15083593130111694,
        0.16711880266666412,
        -0.875311553478241,
        0.2309480905532837,
        0.1372225284576416
      ],
      [
        0.5641706585884094,
        0.25953853130340576,
        0.01105421781539917,
        -0.01094992458820343,
        0.16855844855308533,
        -0.7790884971618652,
        -0.052558645606040955,
        -0.994957685470581,
        0.47973838448524475,
        0.08479335904121399,
        -0.681672990322113,
        -0.8954230546951294,
        -0.14863108098506927,
        0.3400122821331024,
        -0.2893325388431549,
        -0.838065505027771,
        -0.7341986894607544,
        -0.6857975721359253,
        -0.9167376160621643,
        -0.6667892932891846,
        -0.1825856864452362,
        -0.8831534385681152,
        -0.7542018890380859,
        -0.8113517761230469
      ],
      [
        0.623832643032074,
        0.29086971282958984,
        0.09466186165809631,
        -0.13822656869888306,
        0.17201736569404602,
        -0.657913088798523,
        -0.11321433633565903,
        -0.6984908580780029,
        -0.8438856601715088,
        -0.00942222774028778,
        -0.7484022378921509,
        -0.9233822822570801,
        -0.15219490230083466,
        0.14994476735591888,
        -0.7243942022323608,
        -0.6844011545181274,
        -0.6239175796508789,
        -0.7956068515777588,
        -0.833262026309967,
        -0.5951499938964844,
        -0.5923701524734497,
        -0.5549452900886536,
        -0.6274406909942627,
        -0.5442359447479248
      ],
      [
        -0.5034381151199341,
        -0.8004690408706665,
        0.046544551849365234,
        -0.01747751235961914,
        0.06931164860725403,
        0.31442883610725403,
        0.05697295069694519,
        0.18338261544704437,
        0.4765077531337738,
        0.19610875844955444,
        0.8200007677078247,
        0.6289424300193787,
        -0.007365817204117775,
        -0.6005955934524536,
        0.6702407002449036,
        0.514768123626709,
        0.2647899091243744,
        0.6457549333572388,
        0.36432838439941406,
        0.46724733710289,
        0.3468618392944336,
        0.4813033640384674,
        0.5703332424163818,
        0.4636930823326111
      ],
      [
        -0.5716575980186462,
        -0.6367533206939697,
        0.03500685095787048,
        -0.060258135199546814,
        0.025667086243629456,
        0.4834892153739929,
        -0.11926038563251495,
        0.47235000133514404,
        0.48888471722602844,
        -0.12090488523244858,
        0.8314903974533081,
        0.6989816427230835,
        -0.14665487408638,
        -0.7267637848854065,
        0.5041351914405823,
        0.5912686586380005,
        0.5164105296134949,
        0.7296032309532166,
        0.7139774560928345,
        0.5469369292259216,
        0.5756473541259766,
        0.38426336646080017,
        0.7127733826637268,
        0.4659874141216278
      ],
      [
        -1.0630470514297485,
        -0.7130535840988159,
