{
  "scanner_version": 1,
  "profile": "normal",
  "beta": 0.6,
  "threshold": 1.0,
  "input_dim": 10,
  "hidden_dim": 16,
  "output_dim": 7,
  "actions": [
    "PROBE_SYN",
    "PROBE_UDP",
    "PROBE_FIN",
    "PROBE_NULL",
    "WAIT",
    "SKIP",
    "DONE"
  ],
  "W1": [
    [
      -0.21896516986139863,
      -0.3255179143863721,
      -0.060772069644476366,
      -0.8179620837482172,
      0.06092725657477597,
      -0.5869461043051339,
      0.7808805499574096,
      0.05772700254597223,
      -0.20755969562956336,
      -1.9455734749070321,
      -0.5335129785234836,
      2.9965147769107583,
      2.0098273022604136,
      1.1757424094256637,
      0.8020398472932553,
      -0.06894154218464943
    ],
    [
      0.1177953621542286,
      -0.4208485990563357,
      0.160856098175783,
      -1.6165878440243444,
      -0.6056836530063553,
      -0.30822146180760734,
      1.6683406395010592,
      -0.044052514560602406,
      3.0147915109358516,
      -1.787134952376883,
      -1.095219686544992,
      2.320056270069197,
      3.3781465286629433,
      1.1168786949046956,
      1.993729330629826,
      -0.05484331296158674
    ],
    [
      -0.24700712305486586,
      -0.3541790351391296,
      0.09091791237552031,
      -1.3280727674251152,
      -0.37400959017516366,
      -0.3786270677592052,
      -0.39826420940244706,
      0.41212758488924633,
      2.6883008114092717,
      -1.5873075847032163,
      -1.6275759060395285,
      2.1770584266318873,
      3.203638315003558,
      0.9938120017265648,
      1.6974222728371113,
      1.0613649925209918
    ],
    [
      -0.03162713029888104,
      0.2922971299190181,
      -0.18172117235985127,
      2.3683449475146015,
      -0.32597315564188606,
      -0.14957359119713706,
      0.7780993624685045,
      -0.06302150786586147,
      5.2884546789097415,
      3.610639782116414,
      0.4882969290870939,
      3.184156557461281,
      2.6591670721402267,
      0.8236933402585489,
      1.3475718037368312,
      4.407089602727974
    ],
    [
      0.30093243347406834,
      0.5666606831285539,
      -0.184993888974933,
      -1.453835984699144,
      -0.29241782732128624,
      -0.09362584751824768,
      -0.5783377413435227,
      -0.5035380114393352,
      -0.2449606489666588,
      -1.6296390846179034,
      -1.8772031418783017,
      2.3522414417635864,
      3.6127589445845687,
      1.0345409615539038,
      1.8780164819179823,
      -0.005373429615166678
    ],
    [
      -0.012022200833567762,
      -0.30930414768652803,
      -0.14834537210185922,
      -0.24783031464725244,
      -0.40521785534361765,
      0.2811912471989771,
      -0.18701900562147866,
      -0.025532657437091037,
      -0.3476479963717322,
      0.776048693630288,
      2.997303125198243,
      1.4709821233540572,
      -1.7968616375442117,
      -0.7193846601237868,
      -1.1469248587987584,
      -0.6728499755525819
    ],
    [
      -0.5917935258241787,
      -0.4399222458599763,
      0.09619525141392235,
      -1.5138879138112333,
      -0.6060949690061227,
      0.49517472966980497,
      -0.18429576223341976,
      0.4244502343015946,
      -0.28612945149814806,
      -2.0988325302273707,
      -2.6113277304089237,
      2.07555663763913,
      3.063411307870538,
      0.17380958748117922,
      1.726223854788233,
      0.6721919955712647
    ],
    [
      -0.04603544904211094,
      -0.601760421611322,
      -0.011786049795563906,
      2.644639479649252,
      0.016305373615564778,
      0.0053155680648637954,
      0.27067720809343326,
      0.019386443336709826,
      0.041729069706031234,
      9.012162193208662,
      5.221624021037854,
      -1.7321854853223553,
      -0.7618429889711952,
      0.08070701387276757,
      -0.03974075423902004,
      0.842374483263543
    ],
    [
      -0.2644499704002312,
      -0.26550857136461387,
      -0.3214656219547277,
      -0.6541186155698092,
      0.01739160339559736,
      -0.12800579365547993,
      -0.1933601641679749,
      -0.3171499129837714,
      0.08770288890943491,
      2.0362230876778273,
      3.022295785987407,
      1.1628848930272506,
      1.2058029131644115,
      1.2657094377862663,
      0.5084313884103286,
      -0.127279553615017
    ],
    [
      -0.3106666106725301,
      -0.17788657839271715,
      -0.06746826508707132,
      3.672452880949933,
      4.827739358919114,
      0.04231767274117314,
      0.28528407054543464,
      -0.4721711141738368,
      -10.157514865508283,
      7.521683736136759,
      7.168753925086371,
      -2.6221152587080545,
      -4.257432150153975,
      -0.3584659699936598,
      -1.3360915902416803,
      -9.890527495156588
    ]
  ],