{
  "scanner_version": 1,
  "profile": "sneaky",
  "beta": 0.88,
  "threshold": 0.7,
  "input_dim": 10,
  "hidden_dim": 20,
  "output_dim": 7,
  "actions": [
    "PROBE_SYN",
    "PROBE_UDP",
    "PROBE_FIN",
    "PROBE_NULL",
    "WAIT",
    "SKIP",
    "DONE"
  ],
  "W1": [
    [
      0.49669824742839097,
      -0.45585918610323717,
      2.6105597618856535,
      -0.034994016887223596,
      -0.8424922515546277,
      -0.5759190904039138,
      -0.4619394346026983,
      -0.39096380652263435,
      -0.5477131998814246,
      -0.49334368691484093,
      0.4886821362196092,
      0.08069812937521074,
      -0.15971449531868148,
      -0.13723305990578274,
      -0.1339706300623495,
      -1.4712689672412427,
      2.6250855493806413,
      -0.23575110325233567,
      -0.14838826226975807,
      0.14318104217645602
    ],
    [
      0.00010620439996907597,
      -0.3250794551273867,
      2.7754932676812145,
      0.800813632751533,
      -0.9300431941202926,
      -0.168671455661528,
      -0.08283152470872233,
      -0.08437323036570342,
      -0.4243340667413017,
      -0.003725324253260447,
      2.536872845240393,
      -1.0875725810464076,
      -0.2883722333561342,
      -0.5621511533836391,
      -0.0674792177531422,
      -0.9048378208800569,
      2.272770842484438,
      -0.9513372556615002,
      -1.3142114366532476,
      1.4235066763247741
    ],
    [
      0.6202074510511738,
      0.06817263527288153,
      2.80551624883458,
      0.880763538040598,
      -0.8369758095135169,
      0.06609599543475113,
      -0.14670462072435222,
      -0.1596885349082769,
      -0.02962045086238428,
      -0.12307053365907691,
      2.3536757314497074,
      -1.0476804451577146,
      -0.6684026795448018,
      -0.460044394523747,
      -0.3321170631361543,
      -1.0586287247512234,
      2.4823110505762194,
      -0.5950518369713792,
      -1.347268230803394,
      1.3333208780712846
    ],
    [
      -0.5212468873074232,
      -0.2572574715110145,
      0.7799734885466557,
      -2.270821861533903,
      1.5940910761785758,
      -0.04241242917191313,
      -0.27058144694665764,
      -0.299124765923014,
      1.9133420611383583,
      -0.2855826716699541,
      -2.6731563673667242,
      0.15510847033173178,
      -0.5305100236083321,
      0.9237601226412349,
      -0.02163987050633222,
      2.163737945977844,
      0.8497439461763666,
      0.8580360080557549,
      0.15657955303889637,
      1.6043325794559726
    ],
    [
      0.37636252419715205,
      -0.31481146057934023,
      2.973975059088933,
      -0.3194901889824594,
      -1.1313078383378092,
      0.20564832688321633,
      -0.27729402822825217,
      -0.08380960879836578,
      0.6680823376788249,
      0.04079216148176547,
      2.2057622961768693,
      -1.3278907614160709,
      -0.22732974959366262,
      0.02671724752161002,
      -0.7606909237957997,
      -0.9211275415475298,
      2.423697354957478,
      -0.8156733777419916,
      -1.0360794077366058,
      -0.3110009478172047
    ],
    [
      -0.2964092828664186,
      0.6987614170469949,
      -1.5987321406337305,
      2.9140267900347987,
      -0.4974351318954999,
      -0.12916017340937075,
      -0.3544868395230771,
      -0.21597745785657624,
      -0.6811821559682739,
      -0.7776698875373615,
      -1.2198955453812543,
      3.1632207855313177,
      -0.27343894821341597,
      -1.0541379817980778,
      -0.11271664118973851,
      -1.421928411135118,
      -1.0789788054804146,
      -0.23036965049812594,
      3.396576775080864,
      -0.36204951187875045
    ],
    [
      -0.43885572147491214,
      0.013409200724260974,
      2.266080547564508,
      -0.13812689471147133,
      -0.32460287527702875,
      0.12345855271713153,
      0.11834561110475872,
      -0.544296044822805,
      -0.27484349533804225,
      -0.43888703323449746,
      1.3940152349639565,
      -1.090123839188868,
      0.09087081670323136,
      -0.09078246779656207,
      -0.6666269014067167,
      -0.693263802590239,
      1.9892691772054676,
      -0.3173610826855743,
      0.15196378564083393,
      1.6946524696196774
    ],
    [
      0.4043377423265145,
      -0.4430156737090336,
      -2.038013694842816,
      0.6138435964549179,
      0.30172920247772345,
      -0.43708241483408894,
      -0.27735387067326095,
      -0.0328024630436745,
      0.7415602052027127,
      -0.20475842897679009,
      -0.36039065204901094,
      -0.8380036185589788,
      -0.7566576158794462,
      0.09824186565962287,
      1.7267883667758233,
      1.9417905004283644,
      -1.1903607147371957,
      1.3767639061962806,
      0.7649083065458,
      0.03340436519275619
    ],
    [
      -0.16192638420696143,
      -0.3349441297058287,
      -0.46771496818055924,
      -0.19855168186852992,
      4.177662906217782,
      -0.33529620049807984,
      -0.19156251565070462,
      -0.04518885276249411,
      1.1403827416762735,
      -0.2572064649144863,
      2.192755743362135,
      1.0818891269518158,
      -0.2737748538180991,
      0.6544747036190299,
      0.004688340913933547,
      2.0969968242657284,
      -0.8700653299655109,
      3.7040322502107927,
      4.0967213076609825,
      0.0903394804761892
    ],
    [
      0.7448454716360707,
      0.12144329367217205,
      -2.537034528821061,
      11.763505275808933,
      1.2066027997358488,
      0.5520024112779823,
      0.03582641683770194,
      -0.5206911627282996,
      -4.35362791683144,
      0.4902950916723235,
      1.0976190558340746,
      4.035978652378924,
      -0.16970968847610093,
      -0.9019367702898062,
      -2.3896758344328473,
      -2.1002121162421163,
      -1.4166430350865489,
      0.728781224411444,
      2.912986368686011,
      -2.626826428216018
    ]
  ],