{
  "scanner_version": 1,
  "profile": "aggressive",
  "beta": 0.3,
  "threshold": 0.5,
  "input_dim": 10,
  "hidden_dim": 12,
  "output_dim": 7,
  "actions": [
    "PROBE_SYN",
    "PROBE_UDP",
    "PROBE_FIN",
    "PROBE_NULL",
    "WAIT",
    "SKIP",
    "DONE"
  ],
  "W1": [
    [
      0.18528203779877436,
      -0.21741254487512127,
      1.4907398868637471,
      1.2200541640029194,
      -0.043729113987715354,
      0.25000718549490236,
      0.5565650373732233,
      -0.07432146005447393,
      0.31929405204400224,
      -0.3437216692055698,
      1.1464783688061926,
      0.8590113423844595
    ],
    [
      0.11708451619169502,
      0.920091716757748,
      -0.33136062921594567,
      -0.47191100402279246,
      1.1244308530995062,
      1.2486603073151412,
      1.6017344059782017,
      0.8811960287212942,
      1.22544727489745,
      -0.18957006978997085,
      1.439387642225705,
      1.1919575965657059
    ],
    [
      -0.1640187002653397,
      -0.124942695004011,
      -0.17668973361427798,
      0.29203674341625446,
      1.1683166734641843,
      1.3306661354718228,
      1.7477436467205747,
      0.6078149349068809,
      0.09519623076617778,
      -0.2849715699779106,
      1.0419925579138092,
      1.1551623849882096
    ],
    [
      -0.13180619453300607,
      -0.23752976437449644,
      2.1083780290844736,
      1.5689158352477095,
      1.3981602527058423,
      0.41413309200056303,
      0.01944162625543694,
      0.8710874402773191,
      0.4817979969076859,
      0.6484101506387837,
      0.819268457924793,
      -0.8119203431419495
    ],
    [
      0.38818690974335385,
      0.04405966883774675,
      -0.20034921411271192,
      0.2950948918083339,
      -0.6489743204953172,
      0.2797525621955999,
      0.7053647392678907,
      -0.21839315713834548,
      -0.058052825493741446,
      1.5317562658191572,
      0.11482275637824924,
      1.1399745322798363
    ],
    [
      -0.7562262016830245,
      -0.14580416345785396,
      0.6933390002090675,
      0.663084445913191,
      0.28272016601120786,
      0.21689948378287166,
      -0.19979279469862854,
      -0.25949472999645423,
      0.24050798247065297,
      -0.1343325725543859,
      -0.5581160017608248,
      -0.7394466473986473
    ],
    [
      -0.3930069015169573,
      0.2615023713598253,
      -0.5537041674237794,
      0.2174189311897094,
      -0.168648039797667,
      1.3482711376604877,
      1.1669767709244214,
      -0.029439410631317338,
      0.750518212491576,
      -0.23052363943539428,
      0.509839802927328,
      0.8333854260227418
    ],
    [
      -0.5591026363597027,
      0.3349451702877048,
      1.6107676843700538,
      0.9404141962000345,
      0.938675887516143,
      0.3123661476800737,
      0.36887834048821694,
      0.7088872266830927,
      0.34413673050616744,
      0.42396626703804957,
      -0.276949136670547,
      -0.8144910853850242
    ],
    [
      -0.5501782122136786,
      -0.20496418902112706,
      1.5582502125825506,
      0.4929936610106334,
      -0.0628038362159718,
      0.6012391686543049,
      0.3067258454995277,
      -0.07996381576667223,
      -0.36008026329281034,
      -0.09893608749173624,
      0.22139722642094203,
      0.32576343255148166
    ],
    [
      0.4030166450567983,
      -0.663419123311427,
      2.05456167255702,
      0.8106088827057978,
      -4.230119145189251,
      -1.859816347232073,
      -0.7781860623911798,
      -2.5217908200865877,
      -1.3044478620516942,
      -1.2487258906958998,
      -0.00953486580480785,
      0.006371859748168484
    ]
  ],
  "W2": [
    [
      0.3847398443845794,
      0.07318692094889682,
      0.08980585084895756,
      0.5548759030245383,
      0.34092439280045306,
      0.1431584847951387,
      0.5973713892608753
    ],
    [
      0.454178239625794,
      -0.2734394498463503,
      -0.3952283975394786,
      -0.1781674485354851,
      -0.570520921164795,
      0.20131077576849832,
      -0.11548549659145924
    ],
    [
      0.24793395372880436,
      -0.5325830079357549,
      -0.20232218521899398,
      0.0016786376441549698,
      0.3615995786419972,
      2.735491195586846,
      -0.18278223459063492
    ],
    [
      0.3001456399782636,
      -1.0494115036138771,
      -0.45271955613634274,
      -0.7391032734742042,
      -0.622331272537682,
      1.9077144490801432,
      -0.5181990459223937
    ],
    [
      4.275921056635461,
      -0.032063231382090086,
      -0.2967887913666126,
      -0.5277620234085995,
      -0.7643406621329822,
      -2.563416944710369,
      -0.18399371889174826
    ],
    [
      2.41329056649138,
      -0.09752481980216068,
      -0.0407262867647439,
      -0.3913288142160429,
      -0.668011093120799,
      -0.08660139149031305,
      -0.530625130990853
    ],
    [
      2.500345616642102,
      -0.5289855439265503,
      -0.20988493633840388,
      -0.6888536041004526,
      -0.007455655303587698,
      1.1724269238358136,
      -0.45676356187824213
    ],
    [
      1.9036452421654995,
      -0.3370650466560791,
      -0.050328517532036356,
      -0.2926950145955396,
      -0.586470202098752,
      -0.9939680799549259,
      -0.08232215008510481
    ],
    [
      1.8638609439201541,
      0.05849035043237062,
      -0.06025377832879925,
      0.10091683795354728,
      0.519549391275136,
      -0.2655820580390076,
      -0.18377476948169752
    ],
    [
      1.6735496538577295,
      0.15968318844295568,
      0.5843243442454602,
      0.04627744527555895,
      -0.527512044374026,
      -0.8145505494021021,
      0.6222348865871975
    ],
    [
      1.478587470832921,
      -0.26158933482610675,
      -0.5470625983697595,
      0.16485058231544508,
      -0.7705132216048539,
      1.4151336007599606,
      -0.1633979809988395
    ],
    [
      2.8539314261816826,
      -0.05857411631887324,
      -0.19706711493288484,
      0.02195694872075907,
      0.4012626251648157,
      -1.563471855518884,
      0.12433328373895267
    ]
  ],
  "training_scenarios": 1600,
  "accuracy": 1.0
}