{
  "model_type": "service-fingerprint-naive-bayes",
  "version": 1,
  "labels": [
    "Apache httpd",
    "Dovecot IMAP",
    "Dovecot POP3",
    "Dovecot imapd",
    "Dovecot pop3d",
    "HTTP",
    "Microsoft SQL Server 2017",
    "Microsoft Windows RPC",
    "Microsoft Windows Server 2008 R2 - 2012 microsoft-ds",
    "Microsoft Windows netbios-ssn",
    "OpenSSH",
    "SMB",
    "Samba smbd"
  ],
  "priors": {
    "Apache httpd": 0.15789473684210525,
    "Dovecot IMAP": 0.05263157894736842,
    "Dovecot POP3": 0.05263157894736842,
    "Dovecot imapd": 0.05263157894736842,
    "Dovecot pop3d": 0.05263157894736842,
    "HTTP": 0.05263157894736842,
    "Microsoft SQL Server 2017": 0.05263157894736842,
    "Microsoft Windows RPC": 0.05263157894736842,
    "Microsoft Windows Server 2008 R2 - 2012 microsoft-ds": 0.05263157894736842,
    "Microsoft Windows netbios-ssn": 0.10526315789473684,
    "OpenSSH": 0.15789473684210525,
    "SMB": 0.05263157894736842,
    "Samba smbd": 0.10526315789473684
  },
  "token_log_probs": {
    "Apache httpd": {
      "apache": -3.1780538303479458,
      "httpd": -3.1780538303479458,
      "2.4.29": -3.7376696182833684,
      "http": -3.1780538303479458,
      "200": -3.1780538303479458,
      "apache/2.4.29": -3.1780538303479458,
      "ubuntu": -2.7260687066048885,
      "title": -3.1780538303479458,
      "apache2": -3.5145260669691587,
      "default": -3.5145260669691587,
      "page:": -3.5145260669691587,
      "it": -3.5145260669691587,
      "works": -3.5145260669691587,
      "cpe:/a:apache:http_server/": -4.430816798843313,
      "port:80": -3.7376696182833684,
      "cpe:/a:apache:http_server:2.4.29": -4.02535169073515,
      "welcome": -4.02535169073515
    },
    "Dovecot IMAP": {
      "dovecot": -3.2347491740244907,
      "imap": -3.7455747977904816,
      "ok": -3.7455747977904816,
      "capability": -3.457892725338701,
      "imap4rev1": -3.457892725338701,
      "literal+": -3.457892725338701,
      "sasl-ir": -3.7455747977904816,
      "login-referrals": -3.7455747977904816,
      "id": -3.7455747977904816,
      "enable": -3.7455747977904816,
      "idle": -3.7455747977904816,
      "logindisabled": -3.7455747977904816,
      "ubuntu": -3.7455747977904816,
      "ready.": -3.7455747977904816,
      "sa": -4.151039905898646,
      "cpe:/a:directadmin:directadmin/": -4.151039905898646,
      "port:143": -4.151039905898646
    },
    "Dovecot POP3": {
      "dovecot": -3.1354942159291497,
      "pop3": -3.6463198396951406,
      "ok": -3.1354942159291497,
      "ubuntu": -3.6463198396951406,
      "ready.": -3.6463198396951406,
      "capa": -4.051784947803305,
      "top": -4.051784947803305,
      "uidl": -4.051784947803305,
      "resp-codes": -4.051784947803305,
      "pipelining": -4.051784947803305,
      "auth-resp-code": -4.051784947803305,
      "sasl": -4.051784947803305,
      "logging": -4.051784947803305,
      "out": -4.051784947803305,
      "port:110": -4.051784947803305
    },
    "Dovecot imapd": {
      "dovecot": -3.3141860046725258,
      "imapd": -3.6018680771243066,
      "cpe:/a:dovecot:dovecot": -4.007333185232471,
      "ok": -4.007333185232471,
      "capability": -4.007333185232471,
      "imap4rev1": -4.007333185232471,
      "literal+": -4.007333185232471,
      "sasl-ir": -4.007333185232471,
      "login-referrals": -4.007333185232471,
      "id": -4.007333185232471,
      "enable": -4.007333185232471,
      "idle": -4.007333185232471,
      "logindisabled": -4.007333185232471,
      "ubuntu": -4.007333185232471,
      "ready.": -4.007333185232471,
      "port:143": -4.007333185232471
    },
    "Dovecot pop3d": {
      "dovecot": -3.228826155721369,
      "pop3d": -3.5165082281731497,
      "cpe:/a:dovecot:dovecot": -3.9219733362813143,
      "ok": -3.9219733362813143,
      "ubuntu": -3.9219733362813143,
      "ready.": -3.9219733362813143,
      "port:110": -3.9219733362813143
    },
    "HTTP": {
      "http": -3.8394523125933104,
      "port:80": -3.8394523125933104
    },
    "Microsoft SQL Server 2017": {
      "microsoft": -3.5263605246161616,
      "sql": -3.5263605246161616,
      "server": -3.5263605246161616,
      "2017": -3.5263605246161616,
      "14.00.1000": -3.9318256327243257,
      "cpe:/a:microsoft:sql_server:2017": -3.9318256327243257,
      "port:1433": -3.9318256327243257
    },
    "Microsoft Windows RPC": {
      "microsoft": -3.4965075614664802,
      "windows": -3.4965075614664802,
      "rpc": -3.4965075614664802,
      "cpe:/o:microsoft:windows": -3.9019726695746444,
      "port:135": -3.9019726695746444
    },
    "Microsoft Windows Server 2008 R2 - 2012 microsoft-ds": {
      "microsoft": -3.5742165457937967,
      "windows": -3.5742165457937967,
      "server": -3.5742165457937967,
      "2008": -3.5742165457937967,
      "r2": -3.5742165457937967,
      "2012": -3.5742165457937967,
      "microsoft-ds": -3.5742165457937967,
      "cpe:/o:microsoft:windows": -3.979681653901961,
      "port:445": -3.979681653901961
    },
    "Microsoft Windows netbios-ssn": {
      "microsoft": -3.1945831322991562,
      "windows": -3.012261575505202,
      "netbios-ssn": -3.1945831322991562,
      "smb": -3.7054087560651467,
      "2.0.2": -3.7054087560651467,
      "smb-probe": -4.110873864173311,
      "ok": -4.110873864173311,
      "dialect": -4.110873864173311,
      "os": -4.110873864173311,
      "6.1": -4.110873864173311,
      "build": -4.110873864173311,
      "server": -4.110873864173311,
      "nix-nmap-hard": -4.110873864173311,
      "auth": -4.110873864173311,
      "anonymous": -4.110873864173311,
      "cpe:/o:microsoft:windows": -3.7054087560651467,
      "port:139": -3.7054087560651467
    },
    "OpenSSH": {
      "openssh": -2.8076800420510515,
      "7.6p1": -3.367295829986474,
      "cpe:/a:openbsd:openssh/": -4.060443010546419,
      "ssh-2.0-openssh_7.6p1": -3.367295829986474,
      "ubuntu-4ubuntu0.7": -3.654977902438255,
      "port:22": -3.367295829986474,
      "ubuntu": -3.654977902438255,
      "4ubuntu0.7": -4.060443010546419,
      "cpe:/a:openbsd:openssh:7.6p1": -3.654977902438255,
      "4ubuntu0.3": -4.060443010546419,
      "ubuntu-4ubuntu0.3": -4.060443010546419
    },
    "SMB": {
      "smb": -3.0910424533583156,
      "3.0": -3.6018680771243066,
      "smb-probe": -4.007333185232471,
      "ok": -4.007333185232471,
      "dialect": -4.007333185232471,
      "os": -4.007333185232471,
      "windows": -4.007333185232471,
      "6.1": -4.007333185232471,
      "build": -4.007333185232471,
      "server": -4.007333185232471,
      "nix-nmap-hard": -4.007333185232471,
      "auth": -4.007333185232471,
      "anonymous": -4.007333185232471,
      "cpe:/o:microsoft:windows": -4.007333185232471,
      "port:445": -4.007333185232471
    },
    "Samba smbd": {
      "samba": -3.0633909220278057,
      "smbd": -3.0633909220278057,
      "3.x": -3.5742165457937967,
      "4.x": -3.5742165457937967,
      "cpe:/a:samba:samba": -3.5742165457937967,
      "port:139": -3.979681653901961,
      "port:445": -3.979681653901961
    }
  },
  "unknown_log_prob": {
    "Apache httpd": -5.123963979403259,
    "Dovecot IMAP": -4.844187086458591,
    "Dovecot POP3": -4.74493212836325,
    "Dovecot imapd": -4.700480365792417,
    "Dovecot pop3d": -4.61512051684126,
    "HTTP": -4.532599493153256,
    "Microsoft SQL Server 2017": -4.624972813284271,
    "Microsoft Windows RPC": -4.59511985013459,
    "Microsoft Windows Server 2008 R2 - 2012 microsoft-ds": -4.672828834461907,
    "Microsoft Windows netbios-ssn": -4.804021044733257,
    "OpenSSH": -4.7535901911063645,
    "SMB": -4.700480365792417,
    "Samba smbd": -4.672828834461907
  },
  "samples": 19
}