{
  "trainer": "prototype",
  "steps": 8,
  "beta": 0.82,
  "threshold": 1.0,
  "class_names": [
    "normal",
    "delayed",
    "filtered"
  ],
  "feature_ranges": {
    "inter_packet_time_us": {
      "min": 497.8,
      "max": 13936.15
    },
    "payload_size": {
      "min": 0.0,
      "max": 92.03
    },
    "rtt_us": {
      "min": 102474.02,
      "max": 3730010.19
    }
  },
  "input_layer": {
    "weight": [
      [
        2.0,
        0.0,
        0.0,
        0.0,
        0.0,
        0.0,
        0.0,
        0.0,
        0.0
      ],
      [
        0.0,
        2.0,
        0.0,
        0.0,
        0.0,
        0.0,
        0.0,
        0.0,
        0.0
      ],
      [
        0.0,
        0.0,
        2.0,
        0.0,
        0.0,
        0.0,
        0.0,
        0.0,
        0.0
      ],
      [
        0.0,
        0.0,
        0.0,
        2.0,
        0.0,
        0.0,
        0.0,
        0.0,
        0.0
      ],
      [
        0.0,
        0.0,
        0.0,
        0.0,
        2.0,
        0.0,
        0.0,
        0.0,
        0.0
      ],
      [
        0.0,
        0.0,
        0.0,
        0.0,
        0.0,
        2.0,
        0.0,
        0.0,
        0.0
      ],
      [
        0.0,
        0.0,
        0.0,
        0.0,
        0.0,
        0.0,
        2.0,
        0.0,
        0.0
      ],
      [
        0.0,
        0.0,
        0.0,
        0.0,
        0.0,
        0.0,
        0.0,
        2.0,
        0.0
      ],
      [
        0.0,
        0.0,
        0.0,
        0.0,
        0.0,
        0.0,
        0.0,
        0.0,
        2.0
      ]
    ],
    "bias": [
      0.0,
      0.0,
      0.0,
      0.0,
      0.0,
      0.0,
      0.0,
      0.0,
      0.0
    ]
  },
  "output_layer": {
    "weight": [
      [
        1.4666666666666668,
        0.0,
        0.0,
        0.13333333333333333,
        0.0,
        0.0,
        1.5594679406325926,
        1.2298018761997902,
        1.5397855652532337
      ],
      [
        1.0666666666666667,
        0.0,
        0.0,
        0.13333333333333333,
        0.0,
        0.4,
        1.208698488529718,
        0.9836792350320547,
        1.1986827577242323
      ],
      [
        0.0,
        0.4,
        0.8,
        0.0,
        0.4,
        0.0,
        0.5223502389306227,
        0.21814625665543846,
        0.9141980442334225
      ]
    ],
    "bias": [
      -0.2,
      -0.2,
      -0.2
    ]
  },
  "prototypes": {
    "normal": [
      0.9166666666666666,
      0.0,
      0.0,
      0.08333333333333333,
      0.0,
      0.0,
      0.9746674628953703,
      0.7686261726248688,
      0.962365978283271
    ],
    "delayed": [
      0.6666666666666666,
      0.0,
      0.0,
      0.08333333333333333,
      0.0,
      0.25,
      0.7554365553310737,
      0.6147995218950342,
      0.7491767235776452
    ],
    "filtered": [
      0.0,
      0.25,
      0.5,
      0.0,
      0.25,
      0.0,
      0.3264688993316392,
      0.13634141040964903,
      0.571373777645889
    ]
  },
  "artifact_family": "classifier-snn",
  "artifact_schema_version": 1,
  "artifact_created_at": "2026-04-04T18:21:09Z",
  "artifact_producer": "training.train",
  "model_type": "telemetry-snn-classifier",
  "artifact_metadata": {
    "trainer_backend": "prototype"
  }
}